INSERT INTO users (id, driving_license_no,is_active, email, first_name, last_name, password)
VALUES
    (1,'0190991020', 1, 'admin@mail.com', 'Admin', 'Adminov', '477af1201814bd530e307933e79e4a776ed9b25c47552bab0ebd5c11224d9a37ec3ccfa352129897'),
    (2,'9098290293', 1, 'moderator@mail.com', 'Moderator', 'Userov', '477af1201814bd530e307933e79e4a776ed9b25c47552bab0ebd5c11224d9a37ec3ccfa352129897'),
    (3,'2893894324',1, 'mario.stefanov14@gmail.com', 'Mario', 'Stefanov', '477af1201814bd530e307933e79e4a776ed9b25c47552bab0ebd5c11224d9a37ec3ccfa352129897');


INSERT INTO roles (`id`, `role_entity`)
VALUES
    (1, 'ADMIN'),
    (2, 'MODERATOR');

INSERT INTO users_user_roles(`user_entity_id`, `user_roles_id`)
VALUES
    (1, 1),
    (1, 2),
    (2, 2);

INSERT INTO brands (id, name)
VALUES (1, 'Ford'),
       (2, 'Toyota'),
       (3,'BMW'),
       (4,'Audi')
;

INSERT INTO models(id,brand_id,name)
VALUES (1,1,'Focus'),
       (2,3,'X5'),
       (3,3, 'M5'),
       (4,2, 'Yaris'),
       (5, 1,'Mondeo'),
       (6, 1,'Escord'),
       (7, 3,'3 series'),
       (8, 3,'X7'),
       (9, 2,'Corolla'),
       (10, 4,'A6')
;

INSERT INTO offers (uuid,license_plate,fuel_tank_volume, price_per_day, seats_count, year, model_id, coupe_type, description, engine, image_url, transmission, mileage, deposit, location, owner_id)
VALUES('b72e6550-e365-43bf-aab2-b57cafc2db7c', 'PA7877CA',50,55,5,2007,1,1,'A sample description', 'GASOLINE','https://frankfurt.apollo.olxcdn.com/v1/files/evjuetgpmatq3-BG/image;s=1000x700',1 , 10000, 100, 'Sofia' , 1),
      ('b72e6550-e365-43bf-aab2-b57cafc2db71','PA7867CA',70,100,4,2012,3,2,'A sample description2', 'HYBRID','https://encrypted-tbn0.gstatic.com/images?q=tbn:ANd9GcSYfvLy3KQKbQLqY7kz35liCJVTJA4s9y3Z_A&usqp=CAU',2 , 10000, 900,'Varna',3 ),
      ('b72e6550-e365-43bf-aab2-b57cafc2db72','BP7897CA',30,200,4,2012,3,3,'A sample description3', 'GASOLINE','https://encrypted-tbn0.gstatic.com/images?q=tbn:ANd9GcSYfvLy3KQKbQLqY7kz35liCJVTJA4s9y3Z_A&usqp=CAU',1 , 20000, 800 , 'Burgas',2),
      ('b72e6550-e365-43bf-aab2-b57cafc2db73','CA6904PA',40,300,4,2012,4,4,'A sample description4', 'DIESEL','https://encrypted-tbn0.gstatic.com/images?q=tbn:ANd9GcQwOMaf1EJw_bx5EX9Z-e6rQdA57p5PJT66TTE7BZat8LP88usU',1 , 30000, 700 , 'Sofia',3),
      ('b72e6550-e365-43bf-aab2-b57cafc2db74','BP5762CX',60,400,5,2012,5,5,'A sample description5', 'Electricity','https://encrypted-tbn0.gstatic.com/images?q=tbn:ANd9GcRXJoEscJAr_pmuo4ldjASaEvz6DPULcDhhuEjejpRm76VP-aCik6_iOGCDncMNtDAjVMo&usqp=CAU',1 , 40000, 500 , 'Varna',1),
      ('b72e6550-e365-43bf-aab2-b57cafc2db75','BP2561AA',10,500,6,2012,6,6,'A sample description6', 'GASOLINE','data:image/jpeg;base64,/9j/4AAQSkZJRgABAQAAAQABAAD/2wCEAAoHCBIVFRgSFRUYGBgaGBgYGBgaHB0YGhoYGBgaGhkcGBgcIS4lHB4rHxwYJjgmLC8xNTU1HCQ7QDszPy40NTEBDAwMEA8QGhISHDQhISE0NTExMTE0NTQ/MTQ/NDE0MTQ0NDQ3NDE0NDQxNDQ0NTE0NDE0MTQ0OzQxNDQ0NDQxN//AABEIALcBEwMBIgACEQEDEQH/xAAbAAABBQEBAAAAAAAAAAAAAAADAAECBAUGB//EAEQQAAIBAgMDCQYDBAkEAwAAAAECAAMRBBIhMUFRBQYTImFxgZHwFDJSobHRQmLBcoLC8QcVI1OSorLS4RYzQ1Qkg+L/xAAZAQEBAQEBAQAAAAAAAAAAAAAAAQIDBAX/xAAgEQEBAQACAQQDAAAAAAAAAAAAARECEiEDE0FhUYGh/9oADAMBAAIRAxEAPwAFLDS3Tw8uUcPLdOhIqnTw8tJh5cSjDLSlRTFGLope6OLo4FIUohSl3o4+SBS6KS6KW8kQSBVFKMacuhIik1oodHH6OXMkWSOwp9HItTl3JGNOXRSNON0Uu9HG6OS0UGpSPRS+ySPRyCh0UZqUv9HItTkGeaUY0peNOMacDOalINTmg1ODanIKBpwbU5omnBPTgZ7U4Jqc0mpwTU5Rl1KcrdFrNWrT0ldKXWgQp0JZShLNKjLdOhAo+zxTT6GKBcpUZZSlDU6cMiQBJThMsKEj5YAcsWWGyxZYAcsWWGyxZYAcsWWGyxssAQWIrC5Y1oAssWWEtFaALLGKw1oxEAWWRyQ1orQAFJHJDkRssAOSRKQ+WMVgVikYpLBWRKwKrJIFJaZZArAqlINkl0pBMkCoySDU5cKSLJAznpwS09ZoMkCqdaASlSlunSjUUl2mkAPRRS30cUCwiQqrJKslaBHLHyyVorQI5Y1pO0VoEMsa0mRGJgQIkZDEYmmgu7qg4sQo8zMrEc5sCm3EIf2CX/0AwNiRM5irz7wC7Hdu5CP9VoDD8/MNVYU6VOrUdiAqqELEkgDTPxIgdbeNecVR/pEw76JQrNv/AADTxaFbnwm/DVh3vSH8cuDsLxiZyKc+KR/8LjvekP45NOelEm3Rvc7AHo/K9QRg6q8V5y//AFphb2YMp4F6JPkKhhxztwe92XvRj81vIOhimLT50YFtmJpj9o5P9YE08NjKb6o6P+wwb6GAe0YiODFAgRIkQhkTAGRIFYUiMRAFlg2WHIkGEARWRKw1pEiBWZIJU1lwiCy6wDUVlxFlekJdpiA+WNC2igHUR7RwIoDRR4oDRWjwONxSUkNRzZR5k7gBvJgCx+Mp0UNR2so8ydwUbzPI+VudGPxDlEepkzEZaCFNL6AuLte205rdk6TG08Ryg+b3aYbKovYbbFQd5+JvAfl26fI9OlTNNNCQLt2rs03DsE58uclxqca8rrYCsL1KtF11ADO4Yk671sdg3xYbkitUQVEw7OjE2Nna9jbc3EcJv856hNZMMLt11p34u4DOLH8AUoL8c07XB0qaotNXtlW3WG220kjedSZbyyGPLjyPi12YZx3Ur/VTDUErU0qM+HcMqq6O9MpkdHU2DBQOsudfETqMRzzpo5UUXZdz5lF+0LbZ4+Ur47nbQrU3o9HUBqLlBOQgMfdJ12A2MTlUxxVKn0mDKhc70aqnQXORgVsLbRmynzmS6ZfeXL3rb6idLzWxJw2LCubBhZvMoW+RM9G5dxooUKlZrHIpIB2Mx0VfFiBNW5UeJg93kI6uQQQSCNQRoQRsII2GKrtudpuSBpYk6i27uhcG6K6M4JRXVmAtcgEEgXIGuzxlHX4Ln9yklFqLVFrI9NlDVOs6hlIur7SRe/WzTlUw7M6oigFyFS+VQSSANdAL6ec6nFc4eTKpLvhahY7WARWNtNWVwTM7l3C0Go08Vhg6oXZHVixZHtddSxy6X2G3u8ZnQReamM3hF73/ANt46c1sWpvmpX2g5muPHJedfyDyj7RQSofetlf9tdCfHRv3pdcTPajmuTecWMwbiniM9SnwJzG3FHO23wk/4Z6LydyhTroKlJw6HeNx3hgdVI3gzlsThUdSjqGU7v1B3HtnNAYnk+p0tJsyEgMD7rDcrgbG4MPup1OQ9ZjWmXyFy3SxSdIhsRbOhtmQncbbQdzDQzUvNCJEiRJGRJgNaQYScYwIkSJEnGMAREhbWGIgyNYB6YlunKtOWkgGiijwLEaPGgKKKclylz6oUHZKiZcrFbF0zG19cguQCBfXiIHVVqiopdjZQLkzzHnlziZ2yKSLW0H/AI0O0n87AHu8r63OnnKAikjLcBlpk3ux/E5XcL/WcpyVztpU6YV8Kj1DmLVCdWYm63IbZfXZpZdNBIsz5dXyCK2HAY1M4YAZGtkQAbKdtm21xppsmvieVaYRqhDdVWYqRtyi+0abp5nydzgqK75VpIrNcKzNkTjkGawudbADUmbXKnKi1KPRq9PM2jlGvYEXFusbai2++vhz6eWry1kIzVcTSqMfcqU8xGzPXY1GudtiDsHaJ2XOek64eoEsWYBBrltnYITfdYEnwnKcmYxKaKNCenFYghr2W+RCLbAGIl/l/nMK1FqajKdpAJu2hsuo01IO38M1ePlnXGE1lBzAsinKXyuV/wAYW3DbCnIVuHQ/lDdfXflmRiqzF8xTLoAFtcAKABbN3X7yY2Hr1A10JB11VQCAdDqBNYmui5xjrUsTaxY5XA/vMq5rX2LYKe9j2zT52ct+0UaFFDdigepwDAFcp7PeuD8amctUr1KiikHzXy7SW1Hu22294g225ewQ7VkUIc2ZshDrYgKQTpc7Tbf2xYKx5Mcbc1+AR2/zZbHwvINgag/A5vssrfS150FDlhyFDqwXKLFQKjnh1Myg6b7wuFXE1SMlDEVgxPupXRV/KwpizAW2ljt2DWPI5Z8PUGhRx2FSPqJrYOvkwuIoNlBdqTIpIzEhhnIF7iyqpvOpXmxXNlfD0KNrnM6YkAX2nOaBS/jMzlbk1KdMn2nBuLjOlOsrOCrXGRMgZu0WG3heMFfmfymtEvTqEhHAZSFZhnXQ+6DtG/8ALOvw3K2Gqe5VU7ju18bTzvB4jC03V1NS6m4uiuuosbhn1Gp3TVxPKVGqmXOim4NxRRWsDewbOCAeyS8dHdhQdRqOI1lesadirsltjBiLW4G84tMThQAuSn3lCzHx6Uk+cK1TDNtw4fS2lJybdh6QyYGq0amCqe0YZ81ME7DnyAnVXAPWQ+rHU+j83uXqeKTOnVcWzpe5UnYQfxIdbN9CCB55UwlJxdcJVJtoMzpbuzsVEq4bkTGqGKoVurLYOmYq+jK3X1BFr9oBmoPZJEzz/mvha9N6WdXTrjNr1QpOoaxy2tPQMu8G47NZQoxMRMgTAlGMa8UBjIHbJGRO2AdJaSVEMsIYFiKRvFAtxSMcQKXLOKNKhUqKCWVDkUbSx0UC++88exOMqV6zO1mN8y9LSC3HAl81mtl7iAQTqJ65zhW9A/tr+s4tMX/a9DY3CZyd2rWA798DEoVKZpsXzu2tyBme+6wX9BY8JQqYyqUzLhlS1us6DM3GybR85s85uUVooVvmJDDLluM+gAYkWI13fCZHkbFU3phkQIDe6jTUEjxEzmtS4yuTeUyj5alJqiOB1uh1pkX2dXUbL7OMPynUp7URALZrlQNO4jTSbFTYe4ylicFTZgzoGIN1J1taw04bBHWF5WuT5QwhYFlRlbgAQD3jZeUMN0iMGyN2jISPIi075kgHpy4y5BxclspF+y3ytpAuN0656UqV6Eo5alTAYBri/wCIaFRe1xbsubcCJZxDsXZ2y5ixY5dVJvqwB3E62I37JqPQ0EpV6W020AJPYBqTLkR2lDBck4mij08d7BiCq9LTYsKGf8WUOVAUm5GVrAHZulbHch8p4Om2Jo1adWipuamFcjKvxMtPKSOPvAcbXM47DBLqzq+QMpqFQTlTN1urpra9rsJbqcp0xVPsqVaKFurlqF6hGwll2MSNcq2txMitOl/SFyooy+0Ow3XC5gOxrXPjeYmN5Rau5qVXd3O1nZnPdmvoOwDSJ6puSOiccciWI2gghQw+vGU6xBN8gXsXNbv6zE/pL5iLtTD1EW7IyjbchtBxKsTlHeIqGNp7DYH4lCMO8obHyaXebvKOIQNRp4iqiMNEXrptuxNJlK7Lm/V75pYqlypjFakz1KlOmQ2Vsl8ozBXIUXBAvfv37Tm8puWtTjc3PDJ9qqAFkqI4GpyjKwA3lGIbxFx2wY5YqfEPnLK8zsaRfomtxtp87QeK5r4qmnSPTcJvIAIHf1tJUDHLNT4vmftCLy7V4jzP2mXTw4JCgsWJAAAQkkmwA686Ecy6uUsKqMwAJQAZ9dwuwUnsvArry/V9GHpc5qq6jMO4/YzEbCDYDUuNCCirY7x/3DIeznhU8l/3QOtw/P8AqLta/wC0t/na81cL/SBTOjqO9Tb5GeeeyDfn8l/3R1wikhRnuSABlXUnQD3oHr2G504R7dfL+1s8xNbD4lHF0dWH5SD9Nk8irc2a9JDVvcKLuqlWKjb11vu7L2ljDcl4xLOqVl3hghA8CGgetXkW2zieTuX8VSZExCO6NpmZGzAaXIYA5rcDr2ztX2xpgqGHQyshh0MCzeKQvFAu3ivI3ivAyucPKFFENN2s5ysAFZtM20kDTS8895wco06AfE02LVGVKSAghQbs2bKRtAB/wjjNvnbzaxj1nr0HQoyglW0ZSBYgEixFgD4medcqrUJpJWVh79RkIsSoCqv+IqwB/NAjh6+LZc9Qs9N9qub3HxJ8JG0WsJe5t1WSo1E3Km7AjZaw6xPgtv2jOk5P5t0xhlr1Wuzhizgt1GDZQoX3St7aeWus5CtiWpVMp6rhrA6EKQxDZuwMO2B2jnT1xkGnHnnHX3n5Lu/dj/8AUdXh8x/tms+011hME05oc4anw/P/AIj/ANfPw+V/4o6/ZroGEr1FmR/Xh7f8I/V4hyyD8Xio/QmOtO0aT0QER95uCNNo2abfrMrlTlDoAaKhS5/7jbct7HIONvLZt3WsHysDa5BVFaoRbW6ISNcuuoA275zeGBd2dutrcj4nY9VfE38o5TCVawlDEuc67dx0U+FrEeE1eReWK2CasyJT6RlN86gi23qkWII1IANmuQQSFmtyVzZLoalSs4IRn/s8uRQovlsdp9aGUOWMKy6NlZlAdHHu1EbYbHUbCCNxBG6ZVi4PEBy2e3SMzPmAChsxuVygWBBJIsBoSNyiWKmFBlrDrQD1Ka00NOpkdHZXeqlgrWpsn4ScwII2DxmiuDpEA9JVJ3hcM5F+wki/kIGnzS5JbIcps7KGOmuUkWA3XtrrvM1KOExFGuyZhnqBlVieDJbPu1uOycw3LGIoaUitgoUF6VRGsLAaXtfZsgsJzqxIcPVCVAquFUEoQWtrmseH04Twez619Wcrmb+30L63pe11n4/rtcP7X0gRnp5gTfPTFwQNzBNb323I1m/iKXS0nV6Zu9kcqhCm1+Jtqul553S58OBYodNg6Yvb/EktYb+kCoq5cm3aOrl2cMlie209zwa4/k+1DHKKuvR1XRtguRmTS3E217bz1fCcm4ZqgZupoGKK+fsXrldd5uDY9s8j5SvXrPUYqC7A9UXAvZVGoW5sBfzm/wAlYrlF1OHw+JFgjMzPZCqKRmGfXq9YX3wjK51ohxlc0wSmc2sisNgv1jt1vD8kcn4J0zVahRyDcHJTCnMRoChzdXKcwJ961tIyc08Uy9IpwroWC9IKoZS7MABm3sWIFttzGp82XBYu+FyoQKlq6AoSbANf3Tm01lgycfRRHZUJdBazZFO1QWF7DNZiRewBtcbZa5r1EGLpFlvqQAbJdipABYbNtry1X5rV1CF3wihxdC1ZQHGmqH8Q1GziIQcysZdbGgCfdtVAJIzHq6a+6x0+E8IHqWH5GoK7l3C5ULOmcMENmuoJsTlA10lDDcosSi3RAFVs+pt1AVU7dd3YbzgMfynjE/8Ai13DoyJmKEddHUMLuo6y2OwEaWmvT521wgUIpW1rM9h1dmUFDbadklHa861V6SOpBudDrbVkUm57zshMNULIjHaVF+8Cx+YM4fljnViatNKaBBlGrNfQaaKAuuoGp8tZtc2eXVqBaDKVcKSGzAhtbm2i2Op0A2AzM43tvxjpeU6SfOumUw6GVlhkM25rGaPB3igaEUwP+r8B/wCxT/zfaL/q3A/+ynz+0DeaeQcs8gJSx6YdL5Cqsqge6GrO5UDeBkIHZaehDnZgP/Zp+Z+0xcfjsFVxuDr0qqPU6VaT5T/42WplJHY7AX/N5BdR6KDo3VXpU1IyMbdYXLFjsIAynxnlnOwqa7lbWLZhbZ10Vzbxad9X5XpPiP7ZFeg7uMhBsULPlYN3EH93fPO+ctam2Jq5BlQOyoL3sidRRffoo1lFNcVT/FSVidc2ZwSd+ga22+6S6el/ct4VCPqhlRH0KkbTe+8dx8vLvkhl3hvMf7ZBYD0Phqj99D/AIi1D4qo/dQ/xiB/s/wA/+UxgifGR3r9iYQcLT/vXHfT+zmIpT3Vl8UcfRTAZF+MeII/SN0f5l8/vLtFhmyo9nRsy5LLmvYupJ6yjSy28Zc5Api4dhdEDVGvsOoRQ3Zo3nMupTIUnS3EEHeOE7XmDRpkVGqC65aS20AJJqML37R2wr0PC+zmrdm6rLd7W2MDY2GtiROS54YKmgLo5Kir1UIsadOogGXfpnQsP29k1nqoxLq2RsyKANMy02DW7VKuQO8TP554CnSw7VErPUDkMS4UWY1EsFtssM4sdlhCPOs56yjapzKQTcKdGF941U27L7jeHSVCSADpt1I1tfW++0HiGOe4+/Zv2jshUxj3DCmhItrlaxA2AorBLfuyKAcUdRm26bTBir+b6ybYs6ggC4I0su3sseGwWghVF7233/Ds4e7rAmKn5z5H7xNV/O3l/+paSpQPA/vsnmrK2vcxEmDQP4L//AGoPqsCglYhgx1sQfIzpOamJzvVp6AvhqyLcgAlsgAue0TJy0t1NT29OlvIrsgk5MBW7V6Km9shLs1uPVQrbxvIPUuUXeuEdejpZKqOablHLMr07OSjgAqA4tc3HA2sOniqtLPkyuevkFR6bKC1XMGS1iAEJJViCTbtM8vq8nU12V6Lfsl/4kEF7Kn95T+Uo9eoVqYfD/wBuaYp03D3enmZi9M5X0K2bKxOW3ZKFfDq+Ue0oBckkvTIQZcQMqgWJU50BGpsx1nl/syf3ievCM2FG5lPg36LA6Hnnig+LLLkP9nT0RgwDZBdQw0NrWlHKzgE3S19hU7bbbkWkcNUYADaALWWm+z9o2+kuLiG3I58FH1aAOjgqjEKjEsxCqOoLsdguXAnYc2ObeIo1RVr2UKDlUWJLEEakMQAASe+05J0xLsrU0KMCApLLoTfUC9h2metkFVRS2YhQC3EgWJNuNoBVMKhlVXhkeBZzxQV4oHipwh+IfOMcIfiHz+02Qg4RZOyBjexH4h84XDUXputQNqjBhbbdTfTSaTJAvSJ3n13wOjx/L+FKPWWkUZqYTJlyor63INrHRtMt76bNbebVnJJJ4/PaZsV+Sy342A3DaBfgN0rHkZvj+UCpgsGXub2A+vr6y+nJdtjjv+xiTk6oBYPp3SJwVX4oBnw1Q3BrsRwLMw8jAHk7848v+INsJU4wZoVO3zgHPJ/518jG9g/OnzEqMlTgZE5xxgWcRg7KxBB02A3P01nb/wBE9ZGd6LgEVEtY2NyrEAW/fv4Tz3O3EzV5u8pvRrJUB1U3F/IgngQSD2EwO/WiXqFE6oLslNyLhScyqB2Wtps2cJic66tenT9nrEE51YMtxmAUm5B7CNR3bps1OVcOEpdG7L0bq+RrlswJNiRodp1Fxvvw4nnPyy2JrO5ttIUA3AHAX3AadpvLRi1Gv5TR/rbYpRcvVutmXYST1kdSb3sb622EbZlMYwA3yC/XxjahK+hzA5lKkhm3AK1hYL+I7DrApiCWZiyAkX0GUXGzKqiw2dm0wdCqqG4UeOvlLPtinainvEAQxbj8fnroR3HWFr4hntlZTpYgoNo1vcqf02RjVpHagHdcfSJGpA3GZTxB+8AS1X40vFaR+glinUf4cOe9L/6FkEp0eLeY+0u0sVTUBV0A9eMCnUqVNwp/u02/VLxumddWIA/YYfwzSGLTiJDEsjqUuNdhvsPGBS9t/P8A5T9pGpXZusKjZRYG3bfcSJTdSpysPXZ2SDGBof1gv5z5f7pNOURuRj67LzME1cHhsou20/IcIF3D49spYhUI91SWJY+CWHiRKuKxVR36QDIxHWysesfiOzW1teyTIEawgHw/K+LT3K1TuzFx5G80sNz0xiaFkf8AbQD/AEZZjZFj5Tsv4bflA6lf6Qqu+jT8CwinK5OxfL/iKB0YT1eOUOy3ryhkI32HlJaevXfArCk3ASBpnh9ftLhAtu8Lxiy8O617+HrdAqHDmMcO3CXSbbB4xsx/lrAp9CeETUTw85c1Pr7Rzf1p9YFH2Yk7BGOF/Lxl6xiZD6+cDPbA9g7NkGcCOA+U1APX2tEQfpp/OBjNycOyAq8kA7CPKb9uy/jHKX3fSBzFTk2vawe44G4+l5UfkmtwXzP2nYBNPd7PVpEr2fXyEDjP6sq7MsZuTKo/DOzyb9Y3R7vXlA4s8n1PhMb2J/hM7ToZHo7cPXbA4z2N/hMXslT4TO0NKIURxPl2QOM9if4TF7E/wmdn0A4mLoBrtgccMDU4R/YKnCdccPG6Ib/nA5P+rqkccmPwE63o18eFpEURwgcunJ9RdRpDrhavGdCKa8IjSXesDCXDVOyEXDPNjol4GSyLw8YGOMM3ZJjD9nlNQUwd0cqO3y3QMv2c+v5RTTyLwMUAyNvt8oXN67dOMgjaw6ndcD1/KAM1Nn/PDfHJG/15wvh67vKMddg7/lt0gCymSKn+V7+tsfZtH1kiO3d36dsATJ69eMfIdh/U7ZO49cPX1ise/U/T0YA1X0JPL62SR16tuzYf5Rgp2W9b4DBb+tYzdnDbJKtt3yvG8APDcYEMh27Y4UjdvO7s4yebfp27Y5a+4dtvtAGE/lGseyTUnZoN1u8xy48PXGANVPd4+Mjktx9fzhXbx9cfORA19GBC1v5kbvnGAPHs/SEtb153iKeWmwg7deP8oEcp2dv18dsiBb+d4ZV10A9d0iRuy/Met8AYHq9/OI+UJYcO71ujC97C2vHX5wI5T9e8yIT1qfl4SYXiB5xyp3QAFN3/AANIwXj94ZgeB8xbwvIgfltrb163QBhZML62ejHyDgfXdIiw9evQgRIjE7jcfLdCBPX2uJEJ3Hx+wgCLDXUxB+0woUjsjMOyAHP2/SKEvFAnTfS+v6w4fiT6/lHigTpNrbXTXvG/fHNz2DsiigMAbadx+Uit78flr6EUUB7Du19DzjFTsue714RRQJFTt17r8IwNxw12/WKKA5X16MSdmnE3J29+3WKKA4Qbzv2/aNYHxjxQIg8B3+AiC3ts8b+MUUBsu6wt3RyLA3FvXZFFAZlsbjhu7r75Ei409ev1jxQGBF/pu3x8/wCv8oooDFuF+/wtaMWA0O3uiigSUgi2zXf9xH2AHT6d+yKKBG/hbf3x2vs9cIooEco7t36ayII3b/04RRQGv2ehI5m4ad8UUCS1Tw17OPiZBm4X84ooAmJ4x4ooH//Z',1 , 50000, 700 , 'Sofia',1),
      ('b72e6550-e365-43bf-aab2-b57cafc2db76','PK2323PK',40,600,2,2012,7,6,'A sample description7', 'Electricity','https://encrypted-tbn0.gstatic.com/images?q=tbn:ANd9GcQ52g6jaZVwCqs3zgpNe5RsoAXyk2dOplqi_Q&usqp=CAU',1 , 60000, 400 , 'Burgas',1),
      ('b72e6550-e365-43bf-aab2-b57cafc2db77','E9900AP',70,700,5,2012,8,2,'A sample description8', 'HYBRID','https://encrypted-tbn0.gstatic.com/images?q=tbn:ANd9GcSMNXZPWOF5EuZ5trI32v3_UKM9II38s7WRpFUNISXKSQ&s',1 , 70000, 100 , 'Sofia',3),
      ('b72e6550-e365-43bf-aab2-b57cafc2db78','PB6782KA',120,700,4,2012,8,1,'A sample description9', 'Electricity','https://encrypted-tbn0.gstatic.com/images?q=tbn:ANd9GcSMNXZPWOF5EuZ5trI32v3_UKM9II38s7WRpFUNISXKSQ&s',1 , 80000, 300 , 'Sofia',3),
      ('b72e6550-e365-43bf-aab2-b57cafc2db79','A7799AP',20,20,5,2012,9,5,'A sample description10', 'GASOLINE','https://cdn2.focus.bg/mobile/photosorg/139/1/11698346752269139_WE.jpg',1 , 90000, 10, 'Varna',2),
      ('b72e6550-e365-43bf-aab2-b57cafc2db80','CM2090AA',40,1,5,2012,1,3,'A sample description11', 'DIESEL','https://prod.pictures.autoscout24.net/listing-images/c3a758b4-8506-4795-826a-0c6eea15e847_9a3278b2-c0c0-49d8-b0e7-8516b30155bd.jpg/480x360.webp',1 , 100000, 1001 , 'Plovdiv',1),
      ('b72e6550-e365-43bf-aab2-b57cafc2db81','P2020PA',74,10,4,2012,2,4,'A sample description12', 'GASOLINE','https://upload.wikimedia.org/wikipedia/commons/thumb/f/f1/2019_BMW_X5_M50d_Automatic_3.0.jpg/420px-2019_BMW_X5_M50d_Automatic_3.0.jpg',1 , 10001, 1002,'Varna',3),
      ('b72e6550-e365-43bf-aab2-b57cafc2db82','BH9121AK',17,123,3,2012,3,4,'A sample description13', 'HYBRID','https://encrypted-tbn0.gstatic.com/images?q=tbn:ANd9GcSYfvLy3KQKbQLqY7kz35liCJVTJA4s9y3Z_A&usqp=CAU',1 , 10002, 1020, 'Burgas',1 ),
      ('b72e6550-e365-43bf-aab2-b57cafc2db83','CB8099CA',47,231,4,2012,10,1,'A sample description214', 'GASOLINE','https://mobistatic4.focus.bg/mobile/photosorg/858/1/11626428262030858_sj.jpg',1 , 10003,  1030 , 'Varna',1);
